Workbook

Sheet Datos_long
A1: anio | B1: sector_key | C1: sector | D1: subsector | E1: monto_mill_usd | F1: sector_total_mill_usd | G1: total_anual_mill_usd | H1: fuente | I1: fecha_extraccion | J1: sector_presente_fuente | K1: subsector_presente_fuente | L1: sector_total_publicado_mill_usd | M1: total_anual_publicado_mill_usd
A2: 2024 | B2: energia | C2: Energía Eléctrica | D2: Energía Eléctrica | E2: 37 | F2: =SUMIFS($E$2:$E$269,$A$2:$A$269,$A2,$B$2:$B$269,$B2) -> 37 | G2: =SUMIF($A$2:$A$269,$A2,$E$2:$E$269) -> 628 | H2: https://www.argentina.gob.ar/economia/rigi | I2: 46322.798 | J2: TRUE | K2: TRUE | L2: 37 | M2: 613
A3: 2024 | B3: petroleo | C3: Petróleo y Gas | D3: Midstream | E3: 34 | F3: =SUMIFS($E$2:$E$269,$A$2:$A$269,$A3,$B$2:$B$269,$B3) -> 49 | G3: =SUMIF($A$2:$A$269,$A3,$E$2:$E$269) -> 628 | H3: https://www.argentina.gob.ar/economia/rigi | I3: 46322.798 | J3: TRUE | K3: TRUE | L3: 49 | M3: 613
A4: 2024 | B4: petroleo | C4: Petróleo y Gas | D4: Upstream | E4: 15 | F4: =SUMIFS($E$2:$E$269,$A$2:$A$269,$A4,$B$2:$B$269,$B4) -> 49 | G4: =SUMIF($A$2:$A$269,$A4,$E$2:$E$269) -> 628 | H4: https://www.argentina.gob.ar/economia/rigi | I4: 46322.798 | J4: TRUE | K4: TRUE | L4: 49 | M4: 613
A5: 2024 | B5: mineria | C5: Minería | D5: Cobre | E5: 124 | F5: =SUMIFS($E$2:$E$269,$A$2:$A$269,$A5,$B$2:$B$269,$B5) -> 542 | G5: =SUMIF($A$2:$A$269,$A5,$E$2:$E$269) -> 628 | H5: https://www.argentina.gob.ar/economia/rigi | I5: 46322.798 | J5: TRUE | K5: TRUE | L5: 527 | M5: 613
A6: 2024 | B6: mineria | C6: Minería | D6: Litio | E6: 374 | F6: =SUMIFS($E$2:$E$269,$A$2:$A$269,$A6,$B$2:$B$269,$B6) -> 542 | G6: =SUMIF($A$2:$A$269,$A6,$E$2:$E$269) -> 628 | H6: https://www.argentina.gob.ar/economia/rigi | I6: 46322.798 | J6: TRUE | K6: TRUE | L6: 527 | M6: 613
A7: 2024 | B7: mineria | C7: Minería | D7: Oro y Plata | E7: 44 | F7: =SUMIFS($E$2:$E$269,$A$2:$A$269,$A7,$B$2:$B$269,$B7) -> 542 | G7: =SUMIF($A$2:$A$269,$A7,$E$2:$E$269) -> 628 | H7: https://www.argentina.gob.ar/economia/rigi | I7: 46322.798 | J7: TRUE | K7: TRUE | L7: 527 | M7: 613
A8: 2024 | B8: siderurgia | C8: Siderurgia | D8: Siderurgia | E8: 0 | F8: =SUMIFS($E$2:$E$269,$A$2:$A$269,$A8,$B$2:$B$269,$B8) -> 0 | G8: =SUMIF($A$2:$A$269,$A8,$E$2:$E$269) -> 628 | H8: https://www.argentina.gob.ar/economia/rigi | I8: 46322.798 | J8: TRUE | K8: TRUE | L8: 0 | M8: 613
A9: 2024 | B9: infra | C9: Infraestructura | D9: Puerto | E9: 0 | F9: =SUMIFS($E$2:$E$269,$A$2:$A$269,$A9,$B$2:$B$269,$B9) -> 0 | G9: =SUMIF($A$2:$A$269,$A9,$E$2:$E$269) -> 628 | H9: https://www.argentina.gob.ar/economia/rigi | I9: 46322.798 | J9: TRUE | K9: TRUE | L9: 0 | M9: 613
A10: 2025 | B10: energia | C10: Energía Eléctrica | D10: Energía Eléctrica | E10: 252 | F10: =SUMIFS($E$2:$E$269,$A$2:$A$269,$A10,$B$2:$B$269,$B10) -> 252 | G10: =SUMIF($A$2:$A$269,$A10,$E$2:$E$269) -> 4172 | H10: https://www.argentina.gob.ar/economia/rigi | I10: 46322.798 | J10: TRUE | K10: TRUE | L10: 252 | M10: 4152
A11: 2025 | B11: petroleo | C11: Petróleo y Gas | D11: Midstream | E11: 1574 | F11: =SUMIFS($E$2:$E$269,$A$2:$A$269,$A11,$B$2:$B$269,$B11) -> 2253 | G11: =SUMIF($A$2:$A$269,$A11,$E$2:$E$269) -> 4172 | H11: https://www.argentina.gob.ar/economia/rigi | I11: 46322.798 | J11: TRUE | K11: TRUE | L11: 2253 | M11: 4152
A12: 2025 | B12: petroleo | C12: Petróleo y Gas | D12: Upstream | E12: 679 | F12: =SUMIFS($E$2:$E$269,$A$2:$A$269,$A12,$B$2:$B$269,$B12) -> 2253 | G12: =SUMIF($A$2:$A$269,$A12,$E$2:$E$269) -> 4172 | H12: https://www.argentina.gob.ar/economia/rigi | I12: 46322.798 | J12: TRUE | K12: TRUE | L12: 2253 | M12: 4152
A13: 2025 | B13: mineria | C13: Minería | D13: Cobre | E13: 440 | F13: =SUMIFS($E$2:$E$269,$A$2:$A$269,$A13,$B$2:$B$269,$B13) -> 1493 | G13: =SUMIF($A$2:$A$269,$A13,$E$2:$E$269) -> 4172 | H13: https://www.argentina.gob.ar/economia/rigi | I13: 46322.798 | J13: TRUE | K13: TRUE | L13: 1473 | M13: 4152
... A269: 2056 | B269: infra | C269: Infraestructura | D269: Puerto | E269: 0 | F269: =SUMIFS($E$2:$E$269,$A$2:$A$269,$A269,$B$2:$B$269,$B269) -> 0 | G269: =SUMIF($A$2:$A$269,$A269,$E$2:$E$269) -> 228 | H269: https://www.argentina.gob.ar/economia/rigi | I269: 46322.798 | J269: TRUE | K269: TRUE | L269: 0 | M269: 177

Sheet Datos_wide
A1: anio | B1: energia_electrica | C1: petroleo_gas | D1: mineria | E1: siderurgia | F1: infraestructura | G1: midstream | H1: upstream | I1: fertilizantes | J1: cobre | K1: litio | L1: oro_plata | M1: puerto | N1: total_anual
A2: 2024 | B2: =SUMIFS(Datos_long!$E$2:$E$269,Datos_long!$A$2:$A$269,$A2,Datos_long!$B$2:$B$269,"energia") -> 37 | C2: =SUMIFS(Datos_long!$E$2:$E$269,Datos_long!$A$2:$A$269,$A2,Datos_long!$B$2:$B$269,"petroleo") -> 49 | D2: =SUMIFS(Datos_long!$E$2:$E$269,Datos_long!$A$2:$A$269,$A2,Datos_long!$B$2:$B$269,"mineria") -> 542 | E2: =SUMIFS(Datos_long!$E$2:$E$269,Datos_long!$A$2:$A$269,$A2,Datos_long!$B$2:$B$269,"siderurgia") -> 0 | F2: =SUMIFS(Datos_long!$E$2:$E$269,Datos_long!$A$2:$A$269,$A2,Datos_long!$B$2:$B$269,"infra") -> 0 | G2: =IF(COUNTIFS(Datos_long!$A$2:$A$269,$A2,Datos_long!$B$2:$B$269,"petroleo",Datos_long!$D$2:$D$269,"Midstream")=0,"",SUMIFS(Datos_long!$E$2:$E$269,Datos_long!$A$2:$A$269,$A2,Datos_long!$B$2:$B$269,"petroleo",Datos_long!$D$2:$D$269,"Midstream")) -> 34 | H2: =IF(COUNTIFS(Datos_long!$A$2:$A$269,$A2,Datos_long!$B$2:$B$269,"petroleo",Datos_long!$D$2:$D$269,"Upstream")=0,"",SUMIFS(Datos_long!$E$2:$E$269,Datos_long!$A$2:$A$269,$A2,Datos_long!$B$2:$B$269,"petroleo",Datos_long!$D$2:$D$269,"Upstream")) -> 15 | I2: =IF(COUNTIFS(Datos_long!$A$2:$A$269,$A2,Datos_long!$B$2:$B$269,"petroleo",Datos_long!$D$2:$D$269,"Fertilizantes")=0,"",SUMIFS(Datos_long!$E$2:$E$269,Datos_long!$A$2:$A$269,$A2,Datos_long!$B$2:$B$269,"petroleo",Datos_long!$D$2:$D$269,"Fertilizantes")) | J2: =IF(COUNTIFS(Datos_long!$A$2:$A$269,$A2,Datos_long!$B$2:$B$269,"mineria",Datos_long!$D$2:$D$269,"Cobre")=0,"",SUMIFS(Datos_long!$E$2:$E$269,Datos_long!$A$2:$A$269,$A2,Datos_long!$B$2:$B$269,"mineria",Datos_long!$D$2:$D$269,"Cobre")) -> 124 | K2: =IF(COUNTIFS(Datos_long!$A$2:$A$269,$A2,Datos_long!$B$2:$B$269,"mineria",Datos_long!$D$2:$D$269,"Litio")=0,"",SUMIFS(Datos_long!$E$2:$E$269,Datos_long!$A$2:$A$269,$A2,Datos_long!$B$2:$B$269,"mineria",Datos_long!$D$2:$D$269,"Litio")) -> 374 | L2: =IF(COUNTIFS(Datos_long!$A$2:$A$269,$A2,Datos_long!$B$2:$B$269,"mineria",Datos_long!$D$2:$D$269,"Oro y Plata")=0,"",SUMIFS(Datos_long!$E$2:$E$269,Datos_long!$A$2:$A$269,$A2,Datos_long!$B$2:$B$269,"mineria",Datos_long!$D$2:$D$269,"Oro y Plata")) -> 44 | M2: =IF(COUNTIFS(Datos_long!$A$2:$A$269,$A2,Datos_long!$B$2:$B$269,"infra",Datos_long!$D$2:$D$269,"Puerto")=0,"",SUMIFS(Datos_long!$E$2:$E$269,Datos_long!$A$2:$A$269,$A2,Datos_long!$B$2:$B$269,"infra",Datos_long!$D$2:$D$269,"Puerto")) -> 0 | N2: =SUM(B2:F2) -> 628
A3: 2025 | B3: =SUMIFS(Datos_long!$E$2:$E$269,Datos_long!$A$2:$A$269,$A3,Datos_long!$B$2:$B$269,"energia") -> 252 | C3: =SUMIFS(Datos_long!$E$2:$E$269,Datos_long!$A$2:$A$269,$A3,Datos_long!$B$2:$B$269,"petroleo") -> 2253 | D3: =SUMIFS(Datos_long!$E$2:$E$269,Datos_long!$A$2:$A$269,$A3,Datos_long!$B$2:$B$269,"mineria") -> 1493 | E3: =SUMIFS(Datos_long!$E$2:$E$269,Datos_long!$A$2:$A$269,$A3,Datos_long!$B$2:$B$269,"siderurgia") -> 82 | F3: =SUMIFS(Datos_long!$E$2:$E$269,Datos_long!$A$2:$A$269,$A3,Datos_long!$B$2:$B$269,"infra") -> 92 | G3: =IF(COUNTIFS(Datos_long!$A$2:$A$269,$A3,Datos_long!$B$2:$B$269,"petroleo",Datos_long!$D$2:$D$269,"Midstream")=0,"",SUMIFS(Datos_long!$E$2:$E$269,Datos_long!$A$2:$A$269,$A3,Datos_long!$B$2:$B$269,"petroleo",Datos_long!$D$2:$D$269,"Midstream")) -> 1574 | H3: =IF(COUNTIFS(Datos_long!$A$2:$A$269,$A3,Datos_long!$B$2:$B$269,"petroleo",Datos_long!$D$2:$D$269,"Upstream")=0,"",SUMIFS(Datos_long!$E$2:$E$269,Datos_long!$A$2:$A$269,$A3,Datos_long!$B$2:$B$269,"petroleo",Datos_long!$D$2:$D$269,"Upstream")) -> 679 | I3: =IF(COUNTIFS(Datos_long!$A$2:$A$269,$A3,Datos_long!$B$2:$B$269,"petroleo",Datos_long!$D$2:$D$269,"Fertilizantes")=0,"",SUMIFS(Datos_long!$E$2:$E$269,Datos_long!$A$2:$A$269,$A3,Datos_long!$B$2:$B$269,"petroleo",Datos_long!$D$2:$D$269,"Fertilizantes")) | J3: =IF(COUNTIFS(Datos_long!$A$2:$A$269,$A3,Datos_long!$B$2:$B$269,"mineria",Datos_long!$D$2:$D$269,"Cobre")=0,"",SUMIFS(Datos_long!$E$2:$E$269,Datos_long!$A$2:$A$269,$A3,Datos_long!$B$2:$B$269,"mineria",Datos_long!$D$2:$D$269,"Cobre")) -> 440 | K3: =IF(COUNTIFS(Datos_long!$A$2:$A$269,$A3,Datos_long!$B$2:$B$269,"mineria",Datos_long!$D$2:$D$269,"Litio")=0,"",SUMIFS(Datos_long!$E$2:$E$269,Datos_long!$A$2:$A$269,$A3,Datos_long!$B$2:$B$269,"mineria",Datos_long!$D$2:$D$269,"Litio")) -> 948 | L3: =IF(COUNTIFS(Datos_long!$A$2:$A$269,$A3,Datos_long!$B$2:$B$269,"mineria",Datos_long!$D$2:$D$269,"Oro y Plata")=0,"",SUMIFS(Datos_long!$E$2:$E$269,Datos_long!$A$2:$A$269,$A3,Datos_long!$B$2:$B$269,"mineria",Datos_long!$D$2:$D$269,"Oro y Plata")) -> 105 | M3: =IF(COUNTIFS(Datos_long!$A$2:$A$269,$A3,Datos_long!$B$2:$B$269,"infra",Datos_long!$D$2:$D$269,"Puerto")=0,"",SUMIFS(Datos_long!$E$2:$E$269,Datos_long!$A$2:$A$269,$A3,Datos_long!$B$2:$B$269,"infra",Datos_long!$D$2:$D$269,"Puerto")) -> 92 | N3: =SUM(B3:F3) -> 4172
A4: 2026 | B4: =SUMIFS(Datos_long!$E$2:$E$269,Datos_long!$A$2:$A$269,$A4,Datos_long!$B$2:$B$269,"energia") -> 162 | C4: =SUMIFS(Datos_long!$E$2:$E$269,Datos_long!$A$2:$A$269,$A4,Datos_long!$B$2:$B$269,"petroleo") -> 4658 | D4: =SUMIFS(Datos_long!$E$2:$E$269,Datos_long!$A$2:$A$269,$A4,Datos_long!$B$2:$B$269,"mineria") -> 2630 | E4: =SUMIFS(Datos_long!$E$2:$E$269,Datos_long!$A$2:$A$269,$A4,Datos_long!$B$2:$B$269,"siderurgia") -> 130 | F4: =SUMIFS(Datos_long!$E$2:$E$269,Datos_long!$A$2:$A$269,$A4,Datos_long!$B$2:$B$269,"infra") -> 74 | G4: =IF(COUNTIFS(Datos_long!$A$2:$A$269,$A4,Datos_long!$B$2:$B$269,"petroleo",Datos_long!$D$2:$D$269,"Midstream")=0,"",SUMIFS(Datos_long!$E$2:$E$269,Datos_long!$A$2:$A$269,$A4,Datos_long!$B$2:$B$269,"petroleo",Datos_long!$D$2:$D$269,"Midstream")) -> 2348 | H4: =IF(COUNTIFS(Datos_long!$A$2:$A$269,$A4,Datos_long!$B$2:$B$269,"petroleo",Datos_long!$D$2:$D$269,"Upstream")=0,"",SUMIFS(Datos_long!$E$2:$E$269,Datos_long!$A$2:$A$269,$A4,Datos_long!$B$2:$B$269,"petroleo",Datos_long!$D$2:$D$269,"Upstream")) -> 1783 | I4: =IF(COUNTIFS(Datos_long!$A$2:$A$269,$A4,Datos_long!$B$2:$B$269,"petroleo",Datos_long!$D$2:$D$269,"Fertilizantes")=0,"",SUMIFS(Datos_long!$E$2:$E$269,Datos_long!$A$2:$A$269,$A4,Datos_long!$B$2:$B$269,"petroleo",Datos_long!$D$2:$D$269,"Fertilizantes")) -> 527 | J4: =IF(COUNTIFS(Datos_long!$A$2:$A$269,$A4,Datos_long!$B$2:$B$269,"mineria",Datos_long!$D$2:$D$269,"Cobre")=0,"",SUMIFS(Datos_long!$E$2:$E$269,Datos_long!$A$2:$A$269,$A4,Datos_long!$B$2:$B$269,"mineria",Datos_long!$D$2:$D$269,"Cobre")) -> 1013 | K4: =IF(COUNTIFS(Datos_long!$A$2:$A$269,$A4,Datos_long!$B$2:$B$269,"mineria",Datos_long!$D$2:$D$269,"Litio")=0,"",SUMIFS(Datos_long!$E$2:$E$269,Datos_long!$A$2:$A$269,$A4,Datos_long!$B$2:$B$269,"mineria",Datos_long!$D$2:$D$269,"Litio")) -> 1358 | L4: =IF(COUNTIFS(Datos_long!$A$2:$A$269,$A4,Datos_long!$B$2:$B$269,"mineria",Datos_long!$D$2:$D$269,"Oro y Plata")=0,"",SUMIFS(Datos_long!$E$2:$E$269,Datos_long!$A$2:$A$269,$A4,Datos_long!$B$2:$B$269,"mineria",Datos_long!$D$2:$D$269,"Oro y Plata")) -> 259 | M4: =IF(COUNTIFS(Datos_long!$A$2:$A$269,$A4,Datos_long!$B$2:$B$269,"infra",Datos_long!$D$2:$D$269,"Puerto")=0,"",SUMIFS(Datos_long!$E$2:$E$269,Datos_long!$A$2:$A$269,$A4,Datos_long!$B$2:$B$269,"infra",Datos_long!$D$2:$D$269,"Puerto")) -> 74 | N4: =SUM(B4:F4) -> 7654
A5: 2027 | B5: =SUMIFS(Datos_long!$E$2:$E$269,Datos_long!$A$2:$A$269,$A5,Datos_long!$B$2:$B$269,"energia") -> 36 | C5: =SUMIFS(Datos_long!$E$2:$E$269,Datos_long!$A$2:$A$269,$A5,Datos_long!$B$2:$B$269,"petroleo") -> 3657 | D5: =SUMIFS(Datos_long!$E$2:$E$269,Datos_long!$A$2:$A$269,$A5,Datos_long!$B$2:$B$269,"mineria") -> 3987 | E5: =SUMIFS(Datos_long!$E$2:$E$269,Datos_long!$A$2:$A$269,$A5,Datos_long!$B$2:$B$269,"siderurgia") -> 66 | F5: =SUMIFS(Datos_long!$E$2:$E$269,Datos_long!$A$2:$A$269,$A5,Datos_long!$B$2:$B$269,"infra") -> 64 | G5: =IF(COUNTIFS(Datos_long!$A$2:$A$269,$A5,Datos_long!$B$2:$B$269,"petroleo",Datos_long!$D$2:$D$269,"Midstream")=0,"",SUMIFS(Datos_long!$E$2:$E$269,Datos_long!$A$2:$A$269,$A5,Datos_long!$B$2:$B$269,"petroleo",Datos_long!$D$2:$D$269,"Midstream")) -> 1090 | H5: =IF(COUNTIFS(Datos_long!$A$2:$A$269,$A5,Datos_long!$B$2:$B$269,"petroleo",Datos_long!$D$2:$D$269,"Upstream")=0,"",SUMIFS(Datos_long!$E$2:$E$269,Datos_long!$A$2:$A$269,$A5,Datos_long!$B$2:$B$269,"petroleo",Datos_long!$D$2:$D$269,"Upstream")) -> 1989 | I5: =IF(COUNTIFS(Datos_long!$A$2:$A$269,$A5,Datos_long!$B$2:$B$269,"petroleo",Datos_long!$D$2:$D$269,"Fertilizantes")=0,"",SUMIFS(Datos_long!$E$2:$E$269,Datos_long!$A$2:$A$269,$A5,Datos_long!$B$2:$B$269,"petroleo",Datos_long!$D$2:$D$269,"Fertilizantes")) -> 578 | J5: =IF(COUNTIFS(Datos_long!$A$2:$A$269,$A5,Datos_long!$B$2:$B$269,"mineria",Datos_long!$D$2:$D$269,"Cobre")=0,"",SUMIFS(Datos_long!$E$2:$E$269,Datos_long!$A$2:$A$269,$A5,Datos_long!$B$2:$B$269,"mineria",Datos_long!$D$2:$D$269,"Cobre")) -> 2474 | K5: =IF(COUNTIFS(Datos_long!$A$2:$A$269,$A5,Datos_long!$B$2:$B$269,"mineria",Datos_long!$D$2:$D$269,"Litio")=0,"",SUMIFS(Datos_long!$E$2:$E$269,Datos_long!$A$2:$A$269,$A5,Datos_long!$B$2:$B$269,"mineria",Datos_long!$D$2:$D$269,"Litio")) -> 1141 | L5: =IF(COUNTIFS(Datos_long!$A$2:$A$269,$A5,Datos_long!$B$2:$B$269,"mineria",Datos_long!$D$2:$D$269,"Oro y Plata")=0,"",SUMIFS(Datos_long!$E$2:$E$269,Datos_long!$A$2:$A$269,$A5,Datos_long!$B$2:$B$269,"mineria",Datos_long!$D$2:$D$269,"Oro y Plata")) -> 372 | M5: =IF(COUNTIFS(Datos_long!$A$2:$A$269,$A5,Datos_long!$B$2:$B$269,"infra",Datos_long!$D$2:$D$269,"Puerto")=0,"",SUMIFS(Datos_long!$E$2:$E$269,Datos_long!$A$2:$A$269,$A5,Datos_long!$B$2:$B$269,"infra",Datos_long!$D$2:$D$269,"Puerto")) -> 64 | N5: =SUM(B5:F5) -> 7810
A6: 2028 | B6: =SUMIFS(Datos_long!$E$2:$E$269,Datos_long!$A$2:$A$269,$A6,Datos_long!$B$2:$B$269,"energia") -> 0 | C6: =SUMIFS(Datos_long!$E$2:$E$269,Datos_long!$A$2:$A$269,$A6,Datos_long!$B$2:$B$269,"petroleo") -> 3836 | D6: =SUMIFS(Datos_long!$E$2:$E$269,Datos_long!$A$2:$A$269,$A6,Datos_long!$B$2:$B$269,"mineria") -> 4859 | E6: =SUMIFS(Datos_long!$E$2:$E$269,Datos_long!$A$2:$A$269,$A6,Datos_long!$B$2:$B$269,"siderurgia") -> 8 | F6: =SUMIFS(Datos_long!$E$2:$E$269,Datos_long!$A$2:$A$269,$A6,Datos_long!$B$2:$B$269,"infra") -> 24 | G6: =IF(COUNTIFS(Datos_long!$A$2:$A$269,$A6,Datos_long!$B$2:$B$269,"petroleo",Datos_long!$D$2:$D$269,"Midstream")=0,"",SUMIFS(Datos_long!$E$2:$E$269,Datos_long!$A$2:$A$269,$A6,Datos_long!$B$2:$B$269,"petroleo",Datos_long!$D$2:$D$269,"Midstream")) -> 818 | H6: =IF(COUNTIFS(Datos_long!$A$2:$A$269,$A6,Datos_long!$B$2:$B$269,"petroleo",Datos_long!$D$2:$D$269,"Upstream")=0,"",SUMIFS(Datos_long!$E$2:$E$269,Datos_long!$A$2:$A$269,$A6,Datos_long!$B$2:$B$269,"petroleo",Datos_long!$D$2:$D$269,"Upstream")) -> 1843 | I6: =IF(COUNTIFS(Datos_long!$A$2:$A$269,$A6,Datos_long!$B$2:$B$269,"petroleo",Datos_long!$D$2:$D$269,"Fertilizantes")=0,"",SUMIFS(Datos_long!$E$2:$E$269,Datos_long!$A$2:$A$269,$A6,Datos_long!$B$2:$B$269,"petroleo",Datos_long!$D$2:$D$269,"Fertilizantes")) -> 1175 | J6: =IF(COUNTIFS(Datos_long!$A$2:$A$269,$A6,Datos_long!$B$2:$B$269,"mineria",Datos_long!$D$2:$D$269,"Cobre")=0,"",SUMIFS(Datos_long!$E$2:$E$269,Datos_long!$A$2:$A$269,$A6,Datos_long!$B$2:$B$269,"mineria",Datos_long!$D$2:$D$269,"Cobre")) -> 3730 | K6: =IF(COUNTIFS(Datos_long!$A$2:$A$269,$A6,Datos_long!$B$2:$B$269,"mineria",Datos_long!$D$2:$D$269,"Litio")=0,"",SUMIFS(Datos_long!$E$2:$E$269,Datos_long!$A$2:$A$269,$A6,Datos_long!$B$2:$B$269,"mineria",Datos_long!$D$2:$D$269,"Litio")) -> 749 | L6: =IF(COUNTIFS(Datos_long!$A$2:$A$269,$A6,Datos_long!$B$2:$B$269,"mineria",Datos_long!$D$2:$D$269,"Oro y Plata")=0,"",SUMIFS(Datos_long!$E$2:$E$269,Datos_long!$A$2:$A$269,$A6,Datos_long!$B$2:$B$269,"mineria",Datos_long!$D$2:$D$269,"Oro y Plata")) -> 380 | M6: =IF(COUNTIFS(Datos_long!$A$2:$A$269,$A6,Datos_long!$B$2:$B$269,"infra",Datos_long!$D$2:$D$269,"Puerto")=0,"",SUMIFS(Datos_long!$E$2:$E$269,Datos_long!$A$2:$A$269,$A6,Datos_long!$B$2:$B$269,"infra",Datos_long!$D$2:$D$269,"Puerto")) -> 24 | N6: =SUM(B6:F6) -> 8727
A7: 2029 | B7: =SUMIFS(Datos_long!$E$2:$E$269,Datos_long!$A$2:$A$269,$A7,Datos_long!$B$2:$B$269,"energia") -> 0 | C7: =SUMIFS(Datos_long!$E$2:$E$269,Datos_long!$A$2:$A$269,$A7,Datos_long!$B$2:$B$269,"petroleo") -> 2501 | D7: =SUMIFS(Datos_long!$E$2:$E$269,Datos_long!$A$2:$A$269,$A7,Datos_long!$B$2:$B$269,"mineria") -> 3966 | E7: =SUMIFS(Datos_long!$E$2:$E$269,Datos_long!$A$2:$A$269,$A7,Datos_long!$B$2:$B$269,"siderurgia") -> 0 | F7: =SUMIFS(Datos_long!$E$2:$E$269,Datos_long!$A$2:$A$269,$A7,Datos_long!$B$2:$B$269,"infra") -> 21 | G7: =IF(COUNTIFS(Datos_long!$A$2:$A$269,$A7,Datos_long!$B$2:$B$269,"petroleo",Datos_long!$D$2:$D$269,"Midstream")=0,"",SUMIFS(Datos_long!$E$2:$E$269,Datos_long!$A$2:$A$269,$A7,Datos_long!$B$2:$B$269,"petroleo",Datos_long!$D$2:$D$269,"Midstream")) -> 685 | H7: =IF(COUNTIFS(Datos_long!$A$2:$A$269,$A7,Datos_long!$B$2:$B$269,"petroleo",Datos_long!$D$2:$D$269,"Upstream")=0,"",SUMIFS(Datos_long!$E$2:$E$269,Datos_long!$A$2:$A$269,$A7,Datos_long!$B$2:$B$269,"petroleo",Datos_long!$D$2:$D$269,"Upstream")) -> 1403 | I7: =IF(COUNTIFS(Datos_long!$A$2:$A$269,$A7,Datos_long!$B$2:$B$269,"petroleo",Datos_long!$D$2:$D$269,"Fertilizantes")=0,"",SUMIFS(Datos_long!$E$2:$E$269,Datos_long!$A$2:$A$269,$A7,Datos_long!$B$2:$B$269,"petroleo",Datos_long!$D$2:$D$269,"Fertilizantes")) -> 413 | J7: =IF(COUNTIFS(Datos_long!$A$2:$A$269,$A7,Datos_long!$B$2:$B$269,"mineria",Datos_long!$D$2:$D$269,"Cobre")=0,"",SUMIFS(Datos_long!$E$2:$E$269,Datos_long!$A$2:$A$269,$A7,Datos_long!$B$2:$B$269,"mineria",Datos_long!$D$2:$D$269,"Cobre")) -> 3531 | K7: =IF(COUNTIFS(Datos_long!$A$2:$A$269,$A7,Datos_long!$B$2:$B$269,"mineria",Datos_long!$D$2:$D$269,"Litio")=0,"",SUMIFS(Datos_long!$E$2:$E$269,Datos_long!$A$2:$A$269,$A7,Datos_long!$B$2:$B$269,"mineria",Datos_long!$D$2:$D$269,"Litio")) -> 229 | L7: =IF(COUNTIFS(Datos_long!$A$2:$A$269,$A7,Datos_long!$B$2:$B$269,"mineria",Datos_long!$D$2:$D$269,"Oro y Plata")=0,"",SUMIFS(Datos_long!$E$2:$E$269,Datos_long!$A$2:$A$269,$A7,Datos_long!$B$2:$B$269,"mineria",Datos_long!$D$2:$D$269,"Oro y Plata")) -> 206 | M7: =IF(COUNTIFS(Datos_long!$A$2:$A$269,$A7,Datos_long!$B$2:$B$269,"infra",Datos_long!$D$2:$D$269,"Puerto")=0,"",SUMIFS(Datos_long!$E$2:$E$269,Datos_long!$A$2:$A$269,$A7,Datos_long!$B$2:$B$269,"infra",Datos_long!$D$2:$D$269,"Puerto")) -> 21 | N7: =SUM(B7:F7) -> 6488
A8: 2030 | B8: =SUMIFS(Datos_long!$E$2:$E$269,Datos_long!$A$2:$A$269,$A8,Datos_long!$B$2:$B$269,"energia") -> 0 | C8: =SUMIFS(Datos_long!$E$2:$E$269,Datos_long!$A$2:$A$269,$A8,Datos_long!$B$2:$B$269,"petroleo") -> 2249 | D8: =SUMIFS(Datos_long!$E$2:$E$269,Datos_long!$A$2:$A$269,$A8,Datos_long!$B$2:$B$269,"mineria") -> 3724 | E8: =SUMIFS(Datos_long!$E$2:$E$269,Datos_long!$A$2:$A$269,$A8,Datos_long!$B$2:$B$269,"siderurgia") -> 0 | F8: =SUMIFS(Datos_long!$E$2:$E$269,Datos_long!$A$2:$A$269,$A8,Datos_long!$B$2:$B$269,"infra") -> 2 | G8: =IF(COUNTIFS(Datos_long!$A$2:$A$269,$A8,Datos_long!$B$2:$B$269,"petroleo",Datos_long!$D$2:$D$269,"Midstream")=0,"",SUMIFS(Datos_long!$E$2:$E$269,Datos_long!$A$2:$A$269,$A8,Datos_long!$B$2:$B$269,"petroleo",Datos_long!$D$2:$D$269,"Midstream")) -> 685 | H8: =IF(COUNTIFS(Datos_long!$A$2:$A$269,$A8,Datos_long!$B$2:$B$269,"petroleo",Datos_long!$D$2:$D$269,"Upstream")=0,"",SUMIFS(Datos_long!$E$2:$E$269,Datos_long!$A$2:$A$269,$A8,Datos_long!$B$2:$B$269,"petroleo",Datos_long!$D$2:$D$269,"Upstream")) -> 1564 | I8: =IF(COUNTIFS(Datos_long!$A$2:$A$269,$A8,Datos_long!$B$2:$B$269,"petroleo",Datos_long!$D$2:$D$269,"Fertilizantes")=0,"",SUMIFS(Datos_long!$E$2:$E$269,Datos_long!$A$2:$A$269,$A8,Datos_long!$B$2:$B$269,"petroleo",Datos_long!$D$2:$D$269,"Fertilizantes")) | J8: =IF(COUNTIFS(Datos_long!$A$2:$A$269,$A8,Datos_long!$B$2:$B$269,"mineria",Datos_long!$D$2:$D$269,"Cobre")=0,"",SUMIFS(Datos_long!$E$2:$E$269,Datos_long!$A$2:$A$269,$A8,Datos_long!$B$2:$B$269,"mineria",Datos_long!$D$2:$D$269,"Cobre")) -> 3497 | K8: =IF(COUNTIFS(Datos_long!$A$2:$A$269,$A8,Datos_long!$B$2:$B$269,"mineria",Datos_long!$D$2:$D$269,"Litio")=0,"",SUMIFS(Datos_long!$E$2:$E$269,Datos_long!$A$2:$A$269,$A8,Datos_long!$B$2:$B$269,"mineria",Datos_long!$D$2:$D$269,"Litio")) -> 190 | L8: =IF(COUNTIFS(Datos_long!$A$2:$A$269,$A8,Datos_long!$B$2:$B$269,"mineria",Datos_long!$D$2:$D$269,"Oro y Plata")=0,"",SUMIFS(Datos_long!$E$2:$E$269,Datos_long!$A$2:$A$269,$A8,Datos_long!$B$2:$B$269,"mineria",Datos_long!$D$2:$D$269,"Oro y Plata")) -> 37 | M8: =IF(COUNTIFS(Datos_long!$A$2:$A$269,$A8,Datos_long!$B$2:$B$269,"infra",Datos_long!$D$2:$D$269,"Puerto")=0,"",SUMIFS(Datos_long!$E$2:$E$269,Datos_long!$A$2:$A$269,$A8,Datos_long!$B$2:$B$269,"infra",Datos_long!$D$2:$D$269,"Puerto")) -> 2 | N8: =SUM(B8:F8) -> 5975
A9: 2031 | B9: =SUMIFS(Datos_long!$E$2:$E$269,Datos_long!$A$2:$A$269,$A9,Datos_long!$B$2:$B$269,"energia") -> 0 | C9: =SUMIFS(Datos_long!$E$2:$E$269,Datos_long!$A$2:$A$269,$A9,Datos_long!$B$2:$B$269,"petroleo") -> 2072 | D9: =SUMIFS(Datos_long!$E$2:$E$269,Datos_long!$A$2:$A$269,$A9,Datos_long!$B$2:$B$269,"mineria") -> 2282 | E9: =SUMIFS(Datos_long!$E$2:$E$269,Datos_long!$A$2:$A$269,$A9,Datos_long!$B$2:$B$269,"siderurgia") -> 0 | F9: =SUMIFS(Datos_long!$E$2:$E$269,Datos_long!$A$2:$A$269,$A9,Datos_long!$B$2:$B$269,"infra") -> 0 | G9: =IF(COUNTIFS(Datos_long!$A$2:$A$269,$A9,Datos_long!$B$2:$B$269,"petroleo",Datos_long!$D$2:$D$269,"Midstream")=0,"",SUMIFS(Datos_long!$E$2:$E$269,Datos_long!$A$2:$A$269,$A9,Datos_long!$B$2:$B$269,"petroleo",Datos_long!$D$2:$D$269,"Midstream")) -> 685 | H9: =IF(COUNTIFS(Datos_long!$A$2:$A$269,$A9,Datos_long!$B$2:$B$269,"petroleo",Datos_long!$D$2:$D$269,"Upstream")=0,"",SUMIFS(Datos_long!$E$2:$E$269,Datos_long!$A$2:$A$269,$A9,Datos_long!$B$2:$B$269,"petroleo",Datos_long!$D$2:$D$269,"Upstream")) -> 1387 | I9: =IF(COUNTIFS(Datos_long!$A$2:$A$269,$A9,Datos_long!$B$2:$B$269,"petroleo",Datos_long!$D$2:$D$269,"Fertilizantes")=0,"",SUMIFS(Datos_long!$E$2:$E$269,Datos_long!$A$2:$A$269,$A9,Datos_long!$B$2:$B$269,"petroleo",Datos_long!$D$2:$D$269,"Fertilizantes")) | J9: =IF(COUNTIFS(Datos_long!$A$2:$A$269,$A9,Datos_long!$B$2:$B$269,"mineria",Datos_long!$D$2:$D$269,"Cobre")=0,"",SUMIFS(Datos_long!$E$2:$E$269,Datos_long!$A$2:$A$269,$A9,Datos_long!$B$2:$B$269,"mineria",Datos_long!$D$2:$D$269,"Cobre")) -> 1923 | K9: =IF(COUNTIFS(Datos_long!$A$2:$A$269,$A9,Datos_long!$B$2:$B$269,"mineria",Datos_long!$D$2:$D$269,"Litio")=0,"",SUMIFS(Datos_long!$E$2:$E$269,Datos_long!$A$2:$A$269,$A9,Datos_long!$B$2:$B$269,"mineria",Datos_long!$D$2:$D$269,"Litio")) -> 339 | L9: =IF(COUNTIFS(Datos_long!$A$2:$A$269,$A9,Datos_long!$B$2:$B$269,"mineria",Datos_long!$D$2:$D$269,"Oro y Plata")=0,"",SUMIFS(Datos_long!$E$2:$E$269,Datos_long!$A$2:$A$269,$A9,Datos_long!$B$2:$B$269,"mineria",Datos_long!$D$2:$D$269,"Oro y Plata")) -> 20 | M9: =IF(COUNTIFS(Datos_long!$A$2:$A$269,$A9,Datos_long!$B$2:$B$269,"infra",Datos_long!$D$2:$D$269,"Puerto")=0,"",SUMIFS(Datos_long!$E$2:$E$269,Datos_long!$A$2:$A$269,$A9,Datos_long!$B$2:$B$269,"infra",Datos_long!$D$2:$D$269,"Puerto")) -> 0 | N9: =SUM(B9:F9) -> 4354
A10: 2032 | B10: =SUMIFS(Datos_long!$E$2:$E$269,Datos_long!$A$2:$A$269,$A10,Datos_long!$B$2:$B$269,"energia") -> 0 | C10: =SUMIFS(Datos_long!$E$2:$E$269,Datos_long!$A$2:$A$269,$A10,Datos_long!$B$2:$B$269,"petroleo") -> 2094 | D10: =SUMIFS(Datos_long!$E$2:$E$269,Datos_long!$A$2:$A$269,$A10,Datos_long!$B$2:$B$269,"mineria") -> 606 | E10: =SUMIFS(Datos_long!$E$2:$E$269,Datos_long!$A$2:$A$269,$A10,Datos_long!$B$2:$B$269,"siderurgia") -> 0 | F10: =SUMIFS(Datos_long!$E$2:$E$269,Datos_long!$A$2:$A$269,$A10,Datos_long!$B$2:$B$269,"infra") -> 0 | G10: =IF(COUNTIFS(Datos_long!$A$2:$A$269,$A10,Datos_long!$B$2:$B$269,"petroleo",Datos_long!$D$2:$D$269,"Midstream")=0,"",SUMIFS(Datos_long!$E$2:$E$269,Datos_long!$A$2:$A$269,$A10,Datos_long!$B$2:$B$269,"petroleo",Datos_long!$D$2:$D$269,"Midstream")) -> 685 | H10: =IF(COUNTIFS(Datos_long!$A$2:$A$269,$A10,Datos_long!$B$2:$B$269,"petroleo",Datos_long!$D$2:$D$269,"Upstream")=0,"",SUMIFS(Datos_long!$E$2:$E$269,Datos_long!$A$2:$A$269,$A10,Datos_long!$B$2:$B$269,"petroleo",Datos_long!$D$2:$D$269,"Upstream")) -> 1409 | I10: =IF(COUNTIFS(Datos_long!$A$2:$A$269,$A10,Datos_long!$B$2:$B$269,"petroleo",Datos_long!$D$2:$D$269,"Fertilizantes")=0,"",SUMIFS(Datos_long!$E$2:$E$269,Datos_long!$A$2:$A$269,$A10,Datos_long!$B$2:$B$269,"petroleo",Datos_long!$D$2:$D$269,"Fertilizantes")) | J10: =IF(COUNTIFS(Datos_long!$A$2:$A$269,$A10,Datos_long!$B$2:$B$269,"mineria",Datos_long!$D$2:$D$269,"Cobre")=0,"",SUMIFS(Datos_long!$E$2:$E$269,Datos_long!$A$2:$A$269,$A10,Datos_long!$B$2:$B$269,"mineria",Datos_long!$D$2:$D$269,"Cobre")) -> 201 | K10: =IF(COUNTIFS(Datos_long!$A$2:$A$269,$A10,Datos_long!$B$2:$B$269,"mineria",Datos_long!$D$2:$D$269,"Litio")=0,"",SUMIFS(Datos_long!$E$2:$E$269,Datos_long!$A$2:$A$269,$A10,Datos_long!$B$2:$B$269,"mineria",Datos_long!$D$2:$D$269,"Litio")) -> 384 | L10: =IF(COUNTIFS(Datos_long!$A$2:$A$269,$A10,Datos_long!$B$2:$B$269,"mineria",Datos_long!$D$2:$D$269,"Oro y Plata")=0,"",SUMIFS(Datos_long!$E$2:$E$269,Datos_long!$A$2:$A$269,$A10,Datos_long!$B$2:$B$269,"mineria",Datos_long!$D$2:$D$269,"Oro y Plata")) -> 21 | M10: =IF(COUNTIFS(Datos_long!$A$2:$A$269,$A10,Datos_long!$B$2:$B$269,"infra",Datos_long!$D$2:$D$269,"Puerto")=0,"",SUMIFS(Datos_long!$E$2:$E$269,Datos_long!$A$2:$A$269,$A10,Datos_long!$B$2:$B$269,"infra",Datos_long!$D$2:$D$269,"Puerto")) -> 0 | N10: =SUM(B10:F10) -> 2700
A11: 2033 | B11: =SUMIFS(Datos_long!$E$2:$E$269,Datos_long!$A$2:$A$269,$A11,Datos_long!$B$2:$B$269,"energia") -> 0 | C11: =SUMIFS(Datos_long!$E$2:$E$269,Datos_long!$A$2:$A$269,$A11,Datos_long!$B$2:$B$269,"petroleo") -> 1907 | D11: =SUMIFS(Datos_long!$E$2:$E$269,Datos_long!$A$2:$A$269,$A11,Datos_long!$B$2:$B$269,"mineria") -> 195 | E11: =SUMIFS(Datos_long!$E$2:$E$269,Datos_long!$A$2:$A$269,$A11,Datos_long!$B$2:$B$269,"siderurgia") -> 0 | F11: =SUMIFS(Datos_long!$E$2:$E$269,Datos_long!$A$2:$A$269,$A11,Datos_long!$B$2:$B$269,"infra") -> 0 | G11: =IF(COUNTIFS(Datos_long!$A$2:$A$269,$A11,Datos_long!$B$2:$B$269,"petroleo",Datos_long!$D$2:$D$269,"Midstream")=0,"",SUMIFS(Datos_long!$E$2:$E$269,Datos_long!$A$2:$A$269,$A11,Datos_long!$B$2:$B$269,"petroleo",Datos_long!$D$2:$D$269,"Midstream")) -> 689 | H11: =IF(COUNTIFS(Datos_long!$A$2:$A$269,$A11,Datos_long!$B$2:$B$269,"petroleo",Datos_long!$D$2:$D$269,"Upstream")=0,"",SUMIFS(Datos_long!$E$2:$E$269,Datos_long!$A$2:$A$269,$A11,Datos_long!$B$2:$B$269,"petroleo",Datos_long!$D$2:$D$269,"Upstream")) -> 1218 | I11: =IF(COUNTIFS(Datos_long!$A$2:$A$269,$A11,Datos_long!$B$2:$B$269,"petroleo",Datos_long!$D$2:$D$269,"Fertilizantes")=0,"",SUMIFS(Datos_long!$E$2:$E$269,Datos_long!$A$2:$A$269,$A11,Datos_long!$B$2:$B$269,"petroleo",Datos_long!$D$2:$D$269,"Fertilizantes")) | J11: =IF(COUNTIFS(Datos_long!$A$2:$A$269,$A11,Datos_long!$B$2:$B$269,"mineria",Datos_long!$D$2:$D$269,"Cobre")=0,"",SUMIFS(Datos_long!$E$2:$E$269,Datos_long!$A$2:$A$269,$A11,Datos_long!$B$2:$B$269,"mineria",Datos_long!$D$2:$D$269,"Cobre")) -> 106 | K11: =IF(COUNTIFS(Datos_long!$A$2:$A$269,$A11,Datos_long!$B$2:$B$269,"mineria",Datos_long!$D$2:$D$269,"Litio")=0,"",SUMIFS(Datos_long!$E$2:$E$269,Datos_long!$A$2:$A$269,$A11,Datos_long!$B$2:$B$269,"mineria",Datos_long!$D$2:$D$269,"Litio")) -> 75 | L11: =IF(COUNTIFS(Datos_long!$A$2:$A$269,$A11,Datos_long!$B$2:$B$269,"mineria",Datos_long!$D$2:$D$269,"Oro y Plata")=0,"",SUMIFS(Datos_long!$E$2:$E$269,Datos_long!$A$2:$A$269,$A11,Datos_long!$B$2:$B$269,"mineria",Datos_long!$D$2:$D$269,"Oro y Plata")) -> 14 | M11: =IF(COUNTIFS(Datos_long!$A$2:$A$269,$A11,Datos_long!$B$2:$B$269,"infra",Datos_long!$D$2:$D$269,"Puerto")=0,"",SUMIFS(Datos_long!$E$2:$E$269,Datos_long!$A$2:$A$269,$A11,Datos_long!$B$2:$B$269,"infra",Datos_long!$D$2:$D$269,"Puerto")) -> 0 | N11: =SUM(B11:F11) -> 2102
A12: 2034 | B12: =SUMIFS(Datos_long!$E$2:$E$269,Datos_long!$A$2:$A$269,$A12,Datos_long!$B$2:$B$269,"energia") -> 0 | C12: =SUMIFS(Datos_long!$E$2:$E$269,Datos_long!$A$2:$A$269,$A12,Datos_long!$B$2:$B$269,"petroleo") -> 1907 | D12: =SUMIFS(Datos_long!$E$2:$E$269,Datos_long!$A$2:$A$269,$A12,Datos_long!$B$2:$B$269,"mineria") -> 247 | E12: =SUMIFS(Datos_long!$E$2:$E$269,Datos_long!$A$2:$A$269,$A12,Datos_long!$B$2:$B$269,"siderurgia") -> 0 | F12: =SUMIFS(Datos_long!$E$2:$E$269,Datos_long!$A$2:$A$269,$A12,Datos_long!$B$2:$B$269,"infra") -> 0 | G12: =IF(COUNTIFS(Datos_long!$A$2:$A$269,$A12,Datos_long!$B$2:$B$269,"petroleo",Datos_long!$D$2:$D$269,"Midstream")=0,"",SUMIFS(Datos_long!$E$2:$E$269,Datos_long!$A$2:$A$269,$A12,Datos_long!$B$2:$B$269,"petroleo",Datos_long!$D$2:$D$269,"Midstream")) -> 693 | H12: =IF(COUNTIFS(Datos_long!$A$2:$A$269,$A12,Datos_long!$B$2:$B$269,"petroleo",Datos_long!$D$2:$D$269,"Upstream")=0,"",SUMIFS(Datos_long!$E$2:$E$269,Datos_long!$A$2:$A$269,$A12,Datos_long!$B$2:$B$269,"petroleo",Datos_long!$D$2:$D$269,"Upstream")) -> 1214 | I12: =IF(COUNTIFS(Datos_long!$A$2:$A$269,$A12,Datos_long!$B$2:$B$269,"petroleo",Datos_long!$D$2:$D$269,"Fertilizantes")=0,"",SUMIFS(Datos_long!$E$2:$E$269,Datos_long!$A$2:$A$269,$A12,Datos_long!$B$2:$B$269,"petroleo",Datos_long!$D$2:$D$269,"Fertilizantes")) | J12: =IF(COUNTIFS(Datos_long!$A$2:$A$269,$A12,Datos_long!$B$2:$B$269,"mineria",Datos_long!$D$2:$D$269,"Cobre")=0,"",SUMIFS(Datos_long!$E$2:$E$269,Datos_long!$A$2:$A$269,$A12,Datos_long!$B$2:$B$269,"mineria",Datos_long!$D$2:$D$269,"Cobre")) -> 229 | K12: =IF(COUNTIFS(Datos_long!$A$2:$A$269,$A12,Datos_long!$B$2:$B$269,"mineria",Datos_long!$D$2:$D$269,"Litio")=0,"",SUMIFS(Datos_long!$E$2:$E$269,Datos_long!$A$2:$A$269,$A12,Datos_long!$B$2:$B$269,"mineria",Datos_long!$D$2:$D$269,"Litio")) -> 0 | L12: =IF(COUNTIFS(Datos_long!$A$2:$A$269,$A12,Datos_long!$B$2:$B$269,"mineria",Datos_long!$D$2:$D$269,"Oro y Plata")=0,"",SUMIFS(Datos_long!$E$2:$E$269,Datos_long!$A$2:$A$269,$A12,Datos_long!$B$2:$B$269,"mineria",Datos_long!$D$2:$D$269,"Oro y Plata")) -> 18 | M12: =IF(COUNTIFS(Datos_long!$A$2:$A$269,$A12,Datos_long!$B$2:$B$269,"infra",Datos_long!$D$2:$D$269,"Puerto")=0,"",SUMIFS(Datos_long!$E$2:$E$269,Datos_long!$A$2:$A$269,$A12,Datos_long!$B$2:$B$269,"infra",Datos_long!$D$2:$D$269,"Puerto")) -> 0 | N12: =SUM(B12:F12) -> 2154
A13: 2035 | B13: =SUMIFS(Datos_long!$E$2:$E$269,Datos_long!$A$2:$A$269,$A13,Datos_long!$B$2:$B$269,"energia") -> 0 | C13: =SUMIFS(Datos_long!$E$2:$E$269,Datos_long!$A$2:$A$269,$A13,Datos_long!$B$2:$B$269,"petroleo") -> 1882 | D13: =SUMIFS(Datos_long!$E$2:$E$269,Datos_long!$A$2:$A$269,$A13,Datos_long!$B$2:$B$269,"mineria") -> 141 | E13: =SUMIFS(Datos_long!$E$2:$E$269,Datos_long!$A$2:$A$269,$A13,Datos_long!$B$2:$B$269,"siderurgia") -> 0 | F13: =SUMIFS(Datos_long!$E$2:$E$269,Datos_long!$A$2:$A$269,$A13,Datos_long!$B$2:$B$269,"infra") -> 0 | G13: =IF(COUNTIFS(Datos_long!$A$2:$A$269,$A13,Datos_long!$B$2:$B$269,"petroleo",Datos_long!$D$2:$D$269,"Midstream")=0,"",SUMIFS(Datos_long!$E$2:$E$269,Datos_long!$A$2:$A$269,$A13,Datos_long!$B$2:$B$269,"petroleo",Datos_long!$D$2:$D$269,"Midstream")) -> 698 | H13: =IF(COUNTIFS(Datos_long!$A$2:$A$269,$A13,Datos_long!$B$2:$B$269,"petroleo",Datos_long!$D$2:$D$269,"Upstream")=0,"",SUMIFS(Datos_long!$E$2:$E$269,Datos_long!$A$2:$A$269,$A13,Datos_long!$B$2:$B$269,"petroleo",Datos_long!$D$2:$D$269,"Upstream")) -> 1184 | I13: =IF(COUNTIFS(Datos_long!$A$2:$A$269,$A13,Datos_long!$B$2:$B$269,"petroleo",Datos_long!$D$2:$D$269,"Fertilizantes")=0,"",SUMIFS(Datos_long!$E$2:$E$269,Datos_long!$A$2:$A$269,$A13,Datos_long!$B$2:$B$269,"petroleo",Datos_long!$D$2:$D$269,"Fertilizantes")) | J13: =IF(COUNTIFS(Datos_long!$A$2:$A$269,$A13,Datos_long!$B$2:$B$269,"mineria",Datos_long!$D$2:$D$269,"Cobre")=0,"",SUMIFS(Datos_long!$E$2:$E$269,Datos_long!$A$2:$A$269,$A13,Datos_long!$B$2:$B$269,"mineria",Datos_long!$D$2:$D$269,"Cobre")) -> 119 | K13: =IF(COUNTIFS(Datos_long!$A$2:$A$269,$A13,Datos_long!$B$2:$B$269,"mineria",Datos_long!$D$2:$D$269,"Litio")=0,"",SUMIFS(Datos_long!$E$2:$E$269,Datos_long!$A$2:$A$269,$A13,Datos_long!$B$2:$B$269,"mineria",Datos_long!$D$2:$D$269,"Litio")) -> 0 | L13: =IF(COUNTIFS(Datos_long!$A$2:$A$269,$A13,Datos_long!$B$2:$B$269,"mineria",Datos_long!$D$2:$D$269,"Oro y Plata")=0,"",SUMIFS(Datos_long!$E$2:$E$269,Datos_long!$A$2:$A$269,$A13,Datos_long!$B$2:$B$269,"mineria",Datos_long!$D$2:$D$269,"Oro y Plata")) -> 22 | M13: =IF(COUNTIFS(Datos_long!$A$2:$A$269,$A13,Datos_long!$B$2:$B$269,"infra",Datos_long!$D$2:$D$269,"Puerto")=0,"",SUMIFS(Datos_long!$E$2:$E$269,Datos_long!$A$2:$A$269,$A13,Datos_long!$B$2:$B$269,"infra",Datos_long!$D$2:$D$269,"Puerto")) -> 0 | N13: =SUM(B13:F13) -> 2023
... A34: 2056 | B34: =SUMIFS(Datos_long!$E$2:$E$269,Datos_long!$A$2:$A$269,$A34,Datos_long!$B$2:$B$269,"energia") -> 0 | C34: =SUMIFS(Datos_long!$E$2:$E$269,Datos_long!$A$2:$A$269,$A34,Datos_long!$B$2:$B$269,"petroleo") -> 133 | D34: =SUMIFS(Datos_long!$E$2:$E$269,Datos_long!$A$2:$A$269,$A34,Datos_long!$B$2:$B$269,"mineria") -> 95 | E34: =SUMIFS(Datos_long!$E$2:$E$269,Datos_long!$A$2:$A$269,$A34,Datos_long!$B$2:$B$269,"siderurgia") -> 0 | F34: =SUMIFS(Datos_long!$E$2:$E$269,Datos_long!$A$2:$A$269,$A34,Datos_long!$B$2:$B$269,"infra") -> 0 | G34: =IF(COUNTIFS(Datos_long!$A$2:$A$269,$A34,Datos_long!$B$2:$B$269,"petroleo",Datos_long!$D$2:$D$269,"Midstream")=0,"",SUMIFS(Datos_long!$E$2:$E$269,Datos_long!$A$2:$A$269,$A34,Datos_long!$B$2:$B$269,"petroleo",Datos_long!$D$2:$D$269,"Midstream")) -> 0 | H34: =IF(COUNTIFS(Datos_long!$A$2:$A$269,$A34,Datos_long!$B$2:$B$269,"petroleo",Datos_long!$D$2:$D$269,"Upstream")=0,"",SUMIFS(Datos_long!$E$2:$E$269,Datos_long!$A$2:$A$269,$A34,Datos_long!$B$2:$B$269,"petroleo",Datos_long!$D$2:$D$269,"Upstream")) -> 133 | I34: =IF(COUNTIFS(Datos_long!$A$2:$A$269,$A34,Datos_long!$B$2:$B$269,"petroleo",Datos_long!$D$2:$D$269,"Fertilizantes")=0,"",SUMIFS(Datos_long!$E$2:$E$269,Datos_long!$A$2:$A$269,$A34,Datos_long!$B$2:$B$269,"petroleo",Datos_long!$D$2:$D$269,"Fertilizantes")) | J34: =IF(COUNTIFS(Datos_long!$A$2:$A$269,$A34,Datos_long!$B$2:$B$269,"mineria",Datos_long!$D$2:$D$269,"Cobre")=0,"",SUMIFS(Datos_long!$E$2:$E$269,Datos_long!$A$2:$A$269,$A34,Datos_long!$B$2:$B$269,"mineria",Datos_long!$D$2:$D$269,"Cobre")) -> 51 | K34: =IF(COUNTIFS(Datos_long!$A$2:$A$269,$A34,Datos_long!$B$2:$B$269,"mineria",Datos_long!$D$2:$D$269,"Litio")=0,"",SUMIFS(Datos_long!$E$2:$E$269,Datos_long!$A$2:$A$269,$A34,Datos_long!$B$2:$B$269,"mineria",Datos_long!$D$2:$D$269,"Litio")) -> 0 | L34: =IF(COUNTIFS(Datos_long!$A$2:$A$269,$A34,Datos_long!$B$2:$B$269,"mineria",Datos_long!$D$2:$D$269,"Oro y Plata")=0,"",SUMIFS(Datos_long!$E$2:$E$269,Datos_long!$A$2:$A$269,$A34,Datos_long!$B$2:$B$269,"mineria",Datos_long!$D$2:$D$269,"Oro y Plata")) -> 44 | M34: =IF(COUNTIFS(Datos_long!$A$2:$A$269,$A34,Datos_long!$B$2:$B$269,"infra",Datos_long!$D$2:$D$269,"Puerto")=0,"",SUMIFS(Datos_long!$E$2:$E$269,Datos_long!$A$2:$A$269,$A34,Datos_long!$B$2:$B$269,"infra",Datos_long!$D$2:$D$269,"Puerto")) -> 0 | N34: =SUM(B34:F34) -> 228

Sheet Validaciones
A1: anio | B1: energia_publicado | C1: energia_recalculado | D1: energia_diferencia | E1: energia_coincide | F1: petroleo_publicado | G1: petroleo_recalculado | H1: petroleo_diferencia | I1: petroleo_coincide | J1: mineria_publicado | K1: mineria_recalculado | L1: mineria_diferencia | M1: mineria_coincide | N1: siderurgia_publicado | O1: siderurgia_recalculado | P1: siderurgia_diferencia | Q1: siderurgia_coincide | R1: infra_publicado | S1: infra_recalculado | T1: infra_diferencia | U1: infra_coincide | V1: total_anual_publicado | W1: total_anual_recalculado | X1: total_anual_diferencia | Y1: total_anual_coincide | Z1: suma_cinco_sectores | AA1: suma_monto_mill_usd | AB1: diferencia_interna | AC1: control_consistencia | AD1: n_sectores_con_diferencia | AE1: observaciones
A2: 2024 | B2: 37 | C2: =Datos_wide!B2 -> 37 | D2: =C2-B2 -> 0 | E2: =D2=0 -> TRUE | F2: 49 | G2: =Datos_wide!C2 -> 49 | H2: =G2-F2 -> 0 | I2: =H2=0 -> TRUE | J2: 527 | K2: =Datos_wide!D2 -> 542 | L2: =K2-J2 -> 15 | M2: =L2=0 -> FALSE | N2: 0 | O2: =Datos_wide!E2 -> 0 | P2: =O2-N2 -> 0 | Q2: =P2=0 -> TRUE | R2: 0 | S2: =Datos_wide!F2 -> 0 | T2: =S2-R2 -> 0 | U2: =T2=0 -> TRUE | V2: 613 | W2: =Datos_wide!N2 -> 628 | X2: =W2-V2 -> 15 | Y2: =X2=0 -> FALSE | Z2: =SUM(Datos_wide!B2:F2) -> 628 | AA2: =SUMIF(Datos_long!$A$2:$A$269,$A2,Datos_long!$E$2:$E$269) -> 628 | AB2: =Z2-AA2 -> 0 | AC2: =AB2=0 -> TRUE | AD2: =IF(D2<>0,1,0)+IF(H2<>0,1,0)+IF(L2<>0,1,0)+IF(P2<>0,1,0)+IF(T2<>0,1,0) -> 1 | AE2: =IF(NOT(AC2),"REVISAR SUMAS",IF(AND(Y2,AD2=0),"Sin diferencias","Difiere del dato publicado")) -> Difiere del dato publicado
A3: 2025 | B3: 252 | C3: =Datos_wide!B3 -> 252 | D3: =C3-B3 -> 0 | E3: =D3=0 -> TRUE | F3: 2253 | G3: =Datos_wide!C3 -> 2253 | H3: =G3-F3 -> 0 | I3: =H3=0 -> TRUE | J3: 1473 | K3: =Datos_wide!D3 -> 1493 | L3: =K3-J3 -> 20 | M3: =L3=0 -> FALSE | N3: 82 | O3: =Datos_wide!E3 -> 82 | P3: =O3-N3 -> 0 | Q3: =P3=0 -> TRUE | R3: 92 | S3: =Datos_wide!F3 -> 92 | T3: =S3-R3 -> 0 | U3: =T3=0 -> TRUE | V3: 4152 | W3: =Datos_wide!N3 -> 4172 | X3: =W3-V3 -> 20 | Y3: =X3=0 -> FALSE | Z3: =SUM(Datos_wide!B3:F3) -> 4172 | AA3: =SUMIF(Datos_long!$A$2:$A$269,$A3,Datos_long!$E$2:$E$269) -> 4172 | AB3: =Z3-AA3 -> 0 | AC3: =AB3=0 -> TRUE | AD3: =IF(D3<>0,1,0)+IF(H3<>0,1,0)+IF(L3<>0,1,0)+IF(P3<>0,1,0)+IF(T3<>0,1,0) -> 1 | AE3: =IF(NOT(AC3),"REVISAR SUMAS",IF(AND(Y3,AD3=0),"Sin diferencias","Difiere del dato publicado")) -> Difiere del dato publicado
A4: 2026 | B4: 162 | C4: =Datos_wide!B4 -> 162 | D4: =C4-B4 -> 0 | E4: =D4=0 -> TRUE | F4: 4657 | G4: =Datos_wide!C4 -> 4658 | H4: =G4-F4 -> 1 | I4: =H4=0 -> FALSE | J4: 2579 | K4: =Datos_wide!D4 -> 2630 | L4: =K4-J4 -> 51 | M4: =L4=0 -> FALSE | N4: 130 | O4: =Datos_wide!E4 -> 130 | P4: =O4-N4 -> 0 | Q4: =P4=0 -> TRUE | R4: 74 | S4: =Datos_wide!F4 -> 74 | T4: =S4-R4 -> 0 | U4: =T4=0 -> TRUE | V4: 7602 | W4: =Datos_wide!N4 -> 7654 | X4: =W4-V4 -> 52 | Y4: =X4=0 -> FALSE | Z4: =SUM(Datos_wide!B4:F4) -> 7654 | AA4: =SUMIF(Datos_long!$A$2:$A$269,$A4,Datos_long!$E$2:$E$269) -> 7654 | AB4: =Z4-AA4 -> 0 | AC4: =AB4=0 -> TRUE | AD4: =IF(D4<>0,1,0)+IF(H4<>0,1,0)+IF(L4<>0,1,0)+IF(P4<>0,1,0)+IF(T4<>0,1,0) -> 2 | AE4: =IF(NOT(AC4),"REVISAR SUMAS",IF(AND(Y4,AD4=0),"Sin diferencias","Difiere del dato publicado")) -> Difiere del dato publicado
A5: 2027 | B5: 36 | C5: =Datos_wide!B5 -> 36 | D5: =C5-B5 -> 0 | E5: =D5=0 -> TRUE | F5: 3657 | G5: =Datos_wide!C5 -> 3657 | H5: =G5-F5 -> 0 | I5: =H5=0 -> TRUE | J5: 3875 | K5: =Datos_wide!D5 -> 3987 | L5: =K5-J5 -> 112 | M5: =L5=0 -> FALSE | N5: 66 | O5: =Datos_wide!E5 -> 66 | P5: =O5-N5 -> 0 | Q5: =P5=0 -> TRUE | R5: 64 | S5: =Datos_wide!F5 -> 64 | T5: =S5-R5 -> 0 | U5: =T5=0 -> TRUE | V5: 7698 | W5: =Datos_wide!N5 -> 7810 | X5: =W5-V5 -> 112 | Y5: =X5=0 -> FALSE | Z5: =SUM(Datos_wide!B5:F5) -> 7810 | AA5: =SUMIF(Datos_long!$A$2:$A$269,$A5,Datos_long!$E$2:$E$269) -> 7810 | AB5: =Z5-AA5 -> 0 | AC5: =AB5=0 -> TRUE | AD5: =IF(D5<>0,1,0)+IF(H5<>0,1,0)+IF(L5<>0,1,0)+IF(P5<>0,1,0)+IF(T5<>0,1,0) -> 1 | AE5: =IF(NOT(AC5),"REVISAR SUMAS",IF(AND(Y5,AD5=0),"Sin diferencias","Difiere del dato publicado")) -> Difiere del dato publicado
A6: 2028 | B6: 0 | C6: =Datos_wide!B6 -> 0 | D6: =C6-B6 -> 0 | E6: =D6=0 -> TRUE | F6: 3836 | G6: =Datos_wide!C6 -> 3836 | H6: =G6-F6 -> 0 | I6: =H6=0 -> TRUE | J6: 4128 | K6: =Datos_wide!D6 -> 4859 | L6: =K6-J6 -> 731 | M6: =L6=0 -> FALSE | N6: 8 | O6: =Datos_wide!E6 -> 8 | P6: =O6-N6 -> 0 | Q6: =P6=0 -> TRUE | R6: 24 | S6: =Datos_wide!F6 -> 24 | T6: =S6-R6 -> 0 | U6: =T6=0 -> TRUE | V6: 7996 | W6: =Datos_wide!N6 -> 8727 | X6: =W6-V6 -> 731 | Y6: =X6=0 -> FALSE | Z6: =SUM(Datos_wide!B6:F6) -> 8727 | AA6: =SUMIF(Datos_long!$A$2:$A$269,$A6,Datos_long!$E$2:$E$269) -> 8727 | AB6: =Z6-AA6 -> 0 | AC6: =AB6=0 -> TRUE | AD6: =IF(D6<>0,1,0)+IF(H6<>0,1,0)+IF(L6<>0,1,0)+IF(P6<>0,1,0)+IF(T6<>0,1,0) -> 1 | AE6: =IF(NOT(AC6),"REVISAR SUMAS",IF(AND(Y6,AD6=0),"Sin diferencias","Difiere del dato publicado")) -> Difiere del dato publicado
A7: 2029 | B7: 0 | C7: =Datos_wide!B7 -> 0 | D7: =C7-B7 -> 0 | E7: =D7=0 -> TRUE | F7: 2501 | G7: =Datos_wide!C7 -> 2501 | H7: =G7-F7 -> 0 | I7: =H7=0 -> TRUE | J7: 3278 | K7: =Datos_wide!D7 -> 3966 | L7: =K7-J7 -> 688 | M7: =L7=0 -> FALSE | N7: 0 | O7: =Datos_wide!E7 -> 0 | P7: =O7-N7 -> 0 | Q7: =P7=0 -> TRUE | R7: 21 | S7: =Datos_wide!F7 -> 21 | T7: =S7-R7 -> 0 | U7: =T7=0 -> TRUE | V7: 5800 | W7: =Datos_wide!N7 -> 6488 | X7: =W7-V7 -> 688 | Y7: =X7=0 -> FALSE | Z7: =SUM(Datos_wide!B7:F7) -> 6488 | AA7: =SUMIF(Datos_long!$A$2:$A$269,$A7,Datos_long!$E$2:$E$269) -> 6488 | AB7: =Z7-AA7 -> 0 | AC7: =AB7=0 -> TRUE | AD7: =IF(D7<>0,1,0)+IF(H7<>0,1,0)+IF(L7<>0,1,0)+IF(P7<>0,1,0)+IF(T7<>0,1,0) -> 1 | AE7: =IF(NOT(AC7),"REVISAR SUMAS",IF(AND(Y7,AD7=0),"Sin diferencias","Difiere del dato publicado")) -> Difiere del dato publicado
A8: 2030 | B8: 0 | C8: =Datos_wide!B8 -> 0 | D8: =C8-B8 -> 0 | E8: =D8=0 -> TRUE | F8: 2249 | G8: =Datos_wide!C8 -> 2249 | H8: =G8-F8 -> 0 | I8: =H8=0 -> TRUE | J8: 2450 | K8: =Datos_wide!D8 -> 3724 | L8: =K8-J8 -> 1274 | M8: =L8=0 -> FALSE | N8: 0 | O8: =Datos_wide!E8 -> 0 | P8: =O8-N8 -> 0 | Q8: =P8=0 -> TRUE | R8: 2 | S8: =Datos_wide!F8 -> 2 | T8: =S8-R8 -> 0 | U8: =T8=0 -> TRUE | V8: 4701 | W8: =Datos_wide!N8 -> 5975 | X8: =W8-V8 -> 1274 | Y8: =X8=0 -> FALSE | Z8: =SUM(Datos_wide!B8:F8) -> 5975 | AA8: =SUMIF(Datos_long!$A$2:$A$269,$A8,Datos_long!$E$2:$E$269) -> 5975 | AB8: =Z8-AA8 -> 0 | AC8: =AB8=0 -> TRUE | AD8: =IF(D8<>0,1,0)+IF(H8<>0,1,0)+IF(L8<>0,1,0)+IF(P8<>0,1,0)+IF(T8<>0,1,0) -> 1 | AE8: =IF(NOT(AC8),"REVISAR SUMAS",IF(AND(Y8,AD8=0),"Sin diferencias","Difiere del dato publicado")) -> Difiere del dato publicado
A9: 2031 | B9: 0 | C9: =Datos_wide!B9 -> 0 | D9: =C9-B9 -> 0 | E9: =D9=0 -> TRUE | F9: 2072 | G9: =Datos_wide!C9 -> 2072 | H9: =G9-F9 -> 0 | I9: =H9=0 -> TRUE | J9: 1503 | K9: =Datos_wide!D9 -> 2282 | L9: =K9-J9 -> 779 | M9: =L9=0 -> FALSE | N9: 0 | O9: =Datos_wide!E9 -> 0 | P9: =O9-N9 -> 0 | Q9: =P9=0 -> TRUE | R9: 0 | S9: =Datos_wide!F9 -> 0 | T9: =S9-R9 -> 0 | U9: =T9=0 -> TRUE | V9: 3575 | W9: =Datos_wide!N9 -> 4354 | X9: =W9-V9 -> 779 | Y9: =X9=0 -> FALSE | Z9: =SUM(Datos_wide!B9:F9) -> 4354 | AA9: =SUMIF(Datos_long!$A$2:$A$269,$A9,Datos_long!$E$2:$E$269) -> 4354 | AB9: =Z9-AA9 -> 0 | AC9: =AB9=0 -> TRUE | AD9: =IF(D9<>0,1,0)+IF(H9<>0,1,0)+IF(L9<>0,1,0)+IF(P9<>0,1,0)+IF(T9<>0,1,0) -> 1 | AE9: =IF(NOT(AC9),"REVISAR SUMAS",IF(AND(Y9,AD9=0),"Sin diferencias","Difiere del dato publicado")) -> Difiere del dato publicado
A10: 2032 | B10: 0 | C10: =Datos_wide!B10 -> 0 | D10: =C10-B10 -> 0 | E10: =D10=0 -> TRUE | F10: 2094 | G10: =Datos_wide!C10 -> 2094 | H10: =G10-F10 -> 0 | I10: =H10=0 -> TRUE | J10: 416 | K10: =Datos_wide!D10 -> 606 | L10: =K10-J10 -> 190 | M10: =L10=0 -> FALSE | N10: 0 | O10: =Datos_wide!E10 -> 0 | P10: =O10-N10 -> 0 | Q10: =P10=0 -> TRUE | R10: 0 | S10: =Datos_wide!F10 -> 0 | T10: =S10-R10 -> 0 | U10: =T10=0 -> TRUE | V10: 2510 | W10: =Datos_wide!N10 -> 2700 | X10: =W10-V10 -> 190 | Y10: =X10=0 -> FALSE | Z10: =SUM(Datos_wide!B10:F10) -> 2700 | AA10: =SUMIF(Datos_long!$A$2:$A$269,$A10,Datos_long!$E$2:$E$269) -> 2700 | AB10: =Z10-AA10 -> 0 | AC10: =AB10=0 -> TRUE | AD10: =IF(D10<>0,1,0)+IF(H10<>0,1,0)+IF(L10<>0,1,0)+IF(P10<>0,1,0)+IF(T10<>0,1,0) -> 1 | AE10: =IF(NOT(AC10),"REVISAR SUMAS",IF(AND(Y10,AD10=0),"Sin diferencias","Difiere del dato publicado")) -> Difiere del dato publicado
A11: 2033 | B11: 0 | C11: =Datos_wide!B11 -> 0 | D11: =C11-B11 -> 0 | E11: =D11=0 -> TRUE | F11: 1907 | G11: =Datos_wide!C11 -> 1907 | H11: =G11-F11 -> 0 | I11: =H11=0 -> TRUE | J11: 105 | K11: =Datos_wide!D11 -> 195 | L11: =K11-J11 -> 90 | M11: =L11=0 -> FALSE | N11: 0 | O11: =Datos_wide!E11 -> 0 | P11: =O11-N11 -> 0 | Q11: =P11=0 -> TRUE | R11: 0 | S11: =Datos_wide!F11 -> 0 | T11: =S11-R11 -> 0 | U11: =T11=0 -> TRUE | V11: 2012 | W11: =Datos_wide!N11 -> 2102 | X11: =W11-V11 -> 90 | Y11: =X11=0 -> FALSE | Z11: =SUM(Datos_wide!B11:F11) -> 2102 | AA11: =SUMIF(Datos_long!$A$2:$A$269,$A11,Datos_long!$E$2:$E$269) -> 2102 | AB11: =Z11-AA11 -> 0 | AC11: =AB11=0 -> TRUE | AD11: =IF(D11<>0,1,0)+IF(H11<>0,1,0)+IF(L11<>0,1,0)+IF(P11<>0,1,0)+IF(T11<>0,1,0) -> 1 | AE11: =IF(NOT(AC11),"REVISAR SUMAS",IF(AND(Y11,AD11=0),"Sin diferencias","Difiere del dato publicado")) -> Difiere del dato publicado
A12: 2034 | B12: 0 | C12: =Datos_wide!B12 -> 0 | D12: =C12-B12 -> 0 | E12: =D12=0 -> TRUE | F12: 1907 | G12: =Datos_wide!C12 -> 1907 | H12: =G12-F12 -> 0 | I12: =H12=0 -> TRUE | J12: 30 | K12: =Datos_wide!D12 -> 247 | L12: =K12-J12 -> 217 | M12: =L12=0 -> FALSE | N12: 0 | O12: =Datos_wide!E12 -> 0 | P12: =O12-N12 -> 0 | Q12: =P12=0 -> TRUE | R12: 0 | S12: =Datos_wide!F12 -> 0 | T12: =S12-R12 -> 0 | U12: =T12=0 -> TRUE | V12: 1937 | W12: =Datos_wide!N12 -> 2154 | X12: =W12-V12 -> 217 | Y12: =X12=0 -> FALSE | Z12: =SUM(Datos_wide!B12:F12) -> 2154 | AA12: =SUMIF(Datos_long!$A$2:$A$269,$A12,Datos_long!$E$2:$E$269) -> 2154 | AB12: =Z12-AA12 -> 0 | AC12: =AB12=0 -> TRUE | AD12: =IF(D12<>0,1,0)+IF(H12<>0,1,0)+IF(L12<>0,1,0)+IF(P12<>0,1,0)+IF(T12<>0,1,0) -> 1 | AE12: =IF(NOT(AC12),"REVISAR SUMAS",IF(AND(Y12,AD12=0),"Sin diferencias","Difiere del dato publicado")) -> Difiere del dato publicado
A13: 2035 | B13: 0 | C13: =Datos_wide!B13 -> 0 | D13: =C13-B13 -> 0 | E13: =D13=0 -> TRUE | F13: 1882 | G13: =Datos_wide!C13 -> 1882 | H13: =G13-F13 -> 0 | I13: =H13=0 -> TRUE | J13: 52 | K13: =Datos_wide!D13 -> 141 | L13: =K13-J13 -> 89 | M13: =L13=0 -> FALSE | N13: 0 | O13: =Datos_wide!E13 -> 0 | P13: =O13-N13 -> 0 | Q13: =P13=0 -> TRUE | R13: 0 | S13: =Datos_wide!F13 -> 0 | T13: =S13-R13 -> 0 | U13: =T13=0 -> TRUE | V13: 1934 | W13: =Datos_wide!N13 -> 2023 | X13: =W13-V13 -> 89 | Y13: =X13=0 -> FALSE | Z13: =SUM(Datos_wide!B13:F13) -> 2023 | AA13: =SUMIF(Datos_long!$A$2:$A$269,$A13,Datos_long!$E$2:$E$269) -> 2023 | AB13: =Z13-AA13 -> 0 | AC13: =AB13=0 -> TRUE | AD13: =IF(D13<>0,1,0)+IF(H13<>0,1,0)+IF(L13<>0,1,0)+IF(P13<>0,1,0)+IF(T13<>0,1,0) -> 1 | AE13: =IF(NOT(AC13),"REVISAR SUMAS",IF(AND(Y13,AD13=0),"Sin diferencias","Difiere del dato publicado")) -> Difiere del dato publicado
... A34: 2056 | B34: 0 | C34: =Datos_wide!B34 -> 0 | D34: =C34-B34 -> 0 | E34: =D34=0 -> TRUE | F34: 133 | G34: =Datos_wide!C34 -> 133 | H34: =G34-F34 -> 0 | I34: =H34=0 -> TRUE | J34: 44 | K34: =Datos_wide!D34 -> 95 | L34: =K34-J34 -> 51 | M34: =L34=0 -> FALSE | N34: 0 | O34: =Datos_wide!E34 -> 0 | P34: =O34-N34 -> 0 | Q34: =P34=0 -> TRUE | R34: 0 | S34: =Datos_wide!F34 -> 0 | T34: =S34-R34 -> 0 | U34: =T34=0 -> TRUE | V34: 177 | W34: =Datos_wide!N34 -> 228 | X34: =W34-V34 -> 51 | Y34: =X34=0 -> FALSE | Z34: =SUM(Datos_wide!B34:F34) -> 228 | AA34: =SUMIF(Datos_long!$A$2:$A$269,$A34,Datos_long!$E$2:$E$269) -> 228 | AB34: =Z34-AA34 -> 0 | AC34: =AB34=0 -> TRUE | AD34: =IF(D34<>0,1,0)+IF(H34<>0,1,0)+IF(L34<>0,1,0)+IF(P34<>0,1,0)+IF(T34<>0,1,0) -> 1 | AE34: =IF(NOT(AC34),"REVISAR SUMAS",IF(AND(Y34,AD34=0),"Sin diferencias","Difiere del dato publicado")) -> Difiere del dato publicado

Sheet Metadata
A1: campo | B1: valor
A2: url_fuente_oficial | B2: https://www.argentina.gob.ar/economia/rigi
A3: url_final_resuelta | B3: https://www.argentina.gob.ar/economia/rigi
A4: fecha_hora_extraccion | B4: 46322.798
A5: zona_horaria | B5: America/Argentina/Buenos_Aires
A6: metodo_extraccion | B6: HTTP GET del HTML + div#raw-data-json + JSON
A7: http_status | B7: 200
A8: content_type | B8: text/html; charset=utf-8
A9: etag | B9: no informado
A10: last_modified | B10: Tue, 27 Oct 2026 16:41:23 GMT
A11: html_bytes | B11: 79713
A12: cantidad_intentos | B12: 1
A13: ubicacion_tecnica | B13: div#raw-data-json
A14: biblioteca_visualizacion | B14: ApexCharts
A15: primer_anio | B15: 2024
A16: ultimo_anio | B16: 2056
... A43: archivo_origen | B43: RIGI_planes_inversion(1).xlsx; extracción original preservada en A:E,H:K, L:M de Datos_long y en la serie publicada de Validaciones.
